month,abs_err_d1,abs_err_d2,abs_err_d3
4,3.505839990435886,4.899593957154295,4.744761432061582
5,6.026343514668107,12.569042739911097,14.665019990462554
