season,abs_err_d1,abs_err_d2,abs_err_d3
Spring,5.270192457398441,10.268208105084057,11.688942422942262
